timestamp	db	spid	program	login	host	sql
2026-05-03 18:46:50	SHOPER9X01	53	SHOPER Retail Solutions - Point-Of-Sale (P.O.S)	sa	AITDL	SELECT * FROM dbo.PrefixMaster WHERE TrnType='2100' AND  TerminalGroupId='001' AND IsActive=1 and opid <> 99
2026-05-03 18:47:04	SHOPER9X01	53	SHOPER Retail Solutions - Point-Of-Sale (P.O.S)	sa	AITDL	Update xtempTempItemdtlssuper001 Set ErrDescription = isnull(ErrDescription,'')+'Item out of stock cannot bill this item' , InvalidRow = finalresult.InvSku from ( Select 1 as InvSku, a.StockNo, Result.totresqty from StockMaster a, (select b.stockno,sum(isnull(b.qty,0)+isnull(c.gridQty,0)+isnull(d.etqty,0)) as totresqty from (Select StockNo, sum(Qty) as Qty From xtempTempItemdtlssuper001 group by stockno ) as b left outer join  (select StockNo, isnull(sum(qty),0) as gridQty from xtempGridItemdtlssuper001 group by StockNo) as c  on c.stockno=b.stockno left outer join  (select StockNo, isnull(sum(qty),0) as etQty from ExpectedTrnDtls  where TrnStatus = 0 and TrnType In (9800,8100,8200) group by StockNo) as d  on b.stockno=d.stockno group by b.stockno) as Result  where a.stockno=result.stockno and Result.totresqty > a.curbalqty) as finalresult  Where xtempTempItemdtlssuper001.Stockno = finalresult.Stockno and isnull(InvalidRow,0)=0
2026-05-03 18:47:06	SHOPER9X01	53	SHOPER Retail Solutions - Point-Of-Sale (P.O.S)	sa	AITDL	Set datefirst 7 SELECT SPI.StockNo,SPI.BatchSrlno,pmh.SalesPromoCode,SPI.PromoDescription,SPI.BuyOrGetId,SPI.SetNo,SPI.ShoperDate,SPI.ApplicableHappyHours,SPI.HappyHoursStartTime,SPI.HappyHoursEndTime,SPI.Weekdays,SPI.ApplicableCustomers,SPI.DefinationType,SPI.FixedOrVariable,SPI.ItemLvlDiscountType,SPI.BuyingQuantity,SPI.BuyAndGetSameItems,SPI.ItemLvlDefVariesOnBuyingQty,SPI.ItemLvlBuyingRateValueCond,SPI.UseIMTable,SPI.ItemDiscPercent,SPI.ItemDiscAmount,SPI.ItemDiscountedRate,SPI.ItemMaxDiscPercent,SPI.ItemMaxDiscAmount,PMH.status,PMH.StartDate,PMH.Enddate,PMH.priorityNo,PMH.DiscRateAmtInd ,PMH.NoOfAndConds,PMH.AndCondition,PMH.AndConditionFreeItem,PMH.NoOfAndCondsFreeItem, PMH.LowestHighestPricedItem, PMH.CreatedSystemDate as CreatedDate,pmh.ItemLvlDefVariesOnBuyingRateVal,pmh.AddlItemFlag,pmh.AddlItemDiscType,SalesPromoId  into xtemppromoserachdetails2100super FROM PromoMnIntermediate SPI with (index(IX_Stockno)) inner join PromoMnHeader PMH ON SPI.SalesPromoCode=PMH.SalesPromoCode
2026-05-03 18:47:21	SHOPER9X01	53	SHOPER Retail Solutions - Point-Of-Sale (P.O.S)	sa	AITDL	if exists (select * from dbo.sysobjects where id = object_id(N'[dbo].[TempPaymentdetailssuper001]') and OBJECTPROPERTY(id, N'IsUserTable') = 1)drop table [dbo].[TempPaymentdetailssuper001]
2026-05-03 18:47:23	SHOPER9X01	61	.Net SqlClient Data Provider	sa	AITDL	Select NodeID from PrintNodeTrnConfigMaster Where TrnTypeIdentifier=2100 and NodeID = '001'
2026-05-03 18:53:41	SHOPER9X01	63	SR130000	sa	AITDL	delete from tmptblpromovalidate2100super where LineSrlNo in (select LineSrlno from xtmptblappliedpromodtlsatscan2100super)
2026-05-03 18:53:46	SHOPER9X01	67	SHOPER Retail Solutions - Point-Of-Sale (P.O.S)	sa	AITDL	Select * from ItemMaster where StockNo='G0000003900'
2026-05-03 18:55:11	SHOPER9X01	53	SHOPER Retail Solutions - Point-Of-Sale (P.O.S)	sa	AITDL	Update xtempTempItemdtlssuper001 set Rate=2290 where Stockno='G0000003900' and Srlno=0
2026-05-03 18:55:12	Shoper9X01	53	SHOPER Retail Solutions - Point-Of-Sale (P.O.S)	sa	AITDL	Insert into TmpStockReserved2100super(SourceCompCode, DestCompCode, Trntype, TrnCtrlNo, Stockno, DocQty, ServicedQty, DeliveredQty, RejectedQty)Select SourceCompCode,DestCompCode,TrnType,TrnCtrlNo,StockNo,sum(DocQty),sum(isnull(ServicedQty,0)),sum(isnull(DeliveredQty,0)),sum(isnull(RejectedQty,0)) from DeliveryAdviceDtls  Where DestCompCode in (Select Txt From SysParam where ParamCode ='CompanyCode') and ServiceType1 = 1 and DocEntVoidInd = 0 and  StockNo in (select stockno from xtempTempItemdtlssuper001 where isnull(invalidrow,0)=0) Group by SourceCompCode,DestCompCode,TrnType,TrnCtrlNo,StockNo  Having Sum(DocQty) > (Sum(IsNull(DeliveredQty, 0) + IsNull(RejectedQty, 0)))
2026-05-03 18:55:19	Shoper9X01	53	SHOPER Retail Solutions - Point-Of-Sale (P.O.S)	sa	AITDL	SELECT Fld4 FROM PrefixTrnLog WHERE Fld1='<CTRLPX>' AND Fld2 ='2100'
2026-05-03 18:55:19	Shoper9X01	53	SHOPER Retail Solutions - Point-Of-Sale (P.O.S)	sa	AITDL	Select distinct(EntryType),DocNoPrefix from xTmpPOSCASHsuper000000050003
2026-05-03 18:55:20	Shoper9X01	51	Python	sa	PRATHAMONE	SELECT COUNT(*) FROM [ItemMaster]
2026-05-03 18:55:22	Shoper9X01	51	Python	sa	PRATHAMONE	SELECT COUNT(*) FROM [StkTrnHdr]
2026-05-03 18:55:37	Shoper9X01	67	Python	sa	PRATHAMONE	SELECT COUNT(*) FROM [ItemMaster]
2026-05-03 18:55:49	SHOPER9X01	70	SQLCMD	sa	PRATHAMONE	/*  * This is the worker proc for all of the "for each" type procs.  Its function is to read the  * next replacement name from the cursor (which returns only a single name), plug it into the  * replacement locations for the commands, and execute them.  It assumes the cursor "hCForEach***"  * has already been opened by its caller.  * worker_type is a parameter that indicates whether we call this for a database (1) or for a table (0)  */ create proc sys.sp_MSforeach_worker  @command1 nvarchar(2000), @replacechar nchar(1) = N'?', @command2 nvarchar(2000) = null, @command3 nvarchar(2000) = null, @worker_type int =1 as   create table #qtemp ( /* Temp command storage */   qnum    int    NOT NULL,   qchar    nvarchar(2000) COLLATE database_default NULL  )   set nocount on  declare @name nvarchar(517), @namelen int, @q1 nvarchar(2000), @q2 nvarchar(2000)    declare @q3 nvarchar(2000), @q4 nvarchar(2000), @q5 nvarchar(2000)  declare @q6 nvarchar(2000), @q7 nvarchar(2000), @q8
2026-05-03 18:55:49	Shoper9X01	70	SQLCMD	sa	PRATHAMONE	/*  * This is the worker proc for all of the "for each" type procs.  Its function is to read the  * next replacement name from the cursor (which returns only a single name), plug it into the  * replacement locations for the commands, and execute them.  It assumes the cursor "hCForEach***"  * has already been opened by its caller.  * worker_type is a parameter that indicates whether we call this for a database (1) or for a table (0)  */ create proc sys.sp_MSforeach_worker  @command1 nvarchar(2000), @replacechar nchar(1) = N'?', @command2 nvarchar(2000) = null, @command3 nvarchar(2000) = null, @worker_type int =1 as   create table #qtemp ( /* Temp command storage */   qnum    int    NOT NULL,   qchar    nvarchar(2000) COLLATE database_default NULL  )   set nocount on  declare @name nvarchar(517), @namelen int, @q1 nvarchar(2000), @q2 nvarchar(2000)    declare @q3 nvarchar(2000), @q4 nvarchar(2000), @q5 nvarchar(2000)  declare @q6 nvarchar(2000), @q7 nvarchar(2000), @q8
2026-05-03 18:55:49	Shoper9X01	70	SQLCMD	sa	PRATHAMONE	/*  * This is the worker proc for all of the "for each" type procs.  Its function is to read the  * next replacement name from the cursor (which returns only a single name), plug it into the  * replacement locations for the commands, and execute them.  It assumes the cursor "hCForEach***"  * has already been opened by its caller.  * worker_type is a parameter that indicates whether we call this for a database (1) or for a table (0)  */ create proc sys.sp_MSforeach_worker  @command1 nvarchar(2000), @replacechar nchar(1) = N'?', @command2 nvarchar(2000) = null, @command3 nvarchar(2000) = null, @worker_type int =1 as   create table #qtemp ( /* Temp command storage */   qnum    int    NOT NULL,   qchar    nvarchar(2000) COLLATE database_default NULL  )   set nocount on  declare @name nvarchar(517), @namelen int, @q1 nvarchar(2000), @q2 nvarchar(2000)    declare @q3 nvarchar(2000), @q4 nvarchar(2000), @q5 nvarchar(2000)  declare @q6 nvarchar(2000), @q7 nvarchar(2000), @q8
2026-05-03 18:55:50	SHOPER9X01	70	SQLCMD	sa	PRATHAMONE	IF EXISTS (SELECT 1 FROM [dbo].[xtmpSTHsuper000000060023] WHERE CAST(DocNo AS VARCHAR) LIKE '%2115%') SELECT '[dbo].[xtmpSTHsuper000000060023]' AS TableName
2026-05-03 18:55:50	Shoper9X01	70	SQLCMD	sa	PRATHAMONE	IF EXISTS (SELECT 1 FROM [dbo].[xtmpSTHsuper000000020006] WHERE CAST(DocNo AS VARCHAR) LIKE '%2115%') SELECT '[dbo].[xtmpSTHsuper000000020006]' AS TableName
2026-05-03 18:55:50	Shoper9X01	70	SQLCMD	sa	PRATHAMONE	IF EXISTS (SELECT 1 FROM [dbo].[xtmpSTDsuper000000020006] WHERE CAST(DocNo AS VARCHAR) LIKE '%2115%') SELECT '[dbo].[xtmpSTDsuper000000020006]' AS TableName
2026-05-03 18:57:23	SHOPER9X01	58	Microsoft SQL Server Management Studio	sa	AITDL	select fulltext_catalog_id, name, path, convert(int, 0) as a, convert(int, 0) as b, is_default, is_accent_sensitivity_on, data_space_id from sys.fulltext_catalogs
2026-05-03 18:57:40	Shoper9X01	52	SHOPER Retail Solutions - Point-Of-Sale (P.O.S)	sa	AITDL	-- -- Used for backward compatibility: -- When pre-Yukon client is connected to Yukon server. -- create procedure sys.sp_tables_rowset;2 (     @table_schema   sysname = null,     @table_type     nvarchar(255) = null ) as ------------------------------------------------------------------------------------------- -- copy & pasted from version 1 of the SProc and removed checks for 1st parameter ! -------------------------------------------------------------------------------------------     select         TABLE_CATALOG   = s_tr.TABLE_CATALOG,         TABLE_SCHEMA    = s_tr.TABLE_SCHEMA,         TABLE_NAME      = s_tr.TABLE_NAME,         TABLE_TYPE      = s_tr.TABLE_TYPE,         TABLE_GUID      = s_tr.TABLE_GUID,         DESCRIPTION     = s_tr.DESCRIPTION,         TABLE_PROPID    = s_tr.TABLE_PROPID,         DATE_CREATED    = s_tr.DATE_CREATED,         DATE_MODIFIED   = s_tr.DATE_MODIFIED     from         sys.spt_tables_view s_tr     where         (@table_schema 
2026-05-03 18:57:41	SHOPER9X01	52	SHOPER Retail Solutions - Point-Of-Sale (P.O.S)	sa	AITDL	-- -- Used for backward compatibility: -- When pre-Yukon client is connected to Yukon server. -- create procedure sys.sp_tables_rowset;2 (     @table_schema   sysname = null,     @table_type     nvarchar(255) = null ) as ------------------------------------------------------------------------------------------- -- copy & pasted from version 1 of the SProc and removed checks for 1st parameter ! -------------------------------------------------------------------------------------------     select         TABLE_CATALOG   = s_tr.TABLE_CATALOG,         TABLE_SCHEMA    = s_tr.TABLE_SCHEMA,         TABLE_NAME      = s_tr.TABLE_NAME,         TABLE_TYPE      = s_tr.TABLE_TYPE,         TABLE_GUID      = s_tr.TABLE_GUID,         DESCRIPTION     = s_tr.DESCRIPTION,         TABLE_PROPID    = s_tr.TABLE_PROPID,         DATE_CREATED    = s_tr.DATE_CREATED,         DATE_MODIFIED   = s_tr.DATE_MODIFIED     from         sys.spt_tables_view s_tr     where         (@table_schema 
2026-05-03 18:57:41	Shoper9X01	52	SHOPER Retail Solutions - Point-Of-Sale (P.O.S)	sa	AITDL	-- -- Used for backward compatibility: -- When pre-Yukon client is connected to Yukon server. -- create procedure sys.sp_tables_rowset;2 (     @table_schema   sysname = null,     @table_type     nvarchar(255) = null ) as ------------------------------------------------------------------------------------------- -- copy & pasted from version 1 of the SProc and removed checks for 1st parameter ! -------------------------------------------------------------------------------------------     select         TABLE_CATALOG   = s_tr.TABLE_CATALOG,         TABLE_SCHEMA    = s_tr.TABLE_SCHEMA,         TABLE_NAME      = s_tr.TABLE_NAME,         TABLE_TYPE      = s_tr.TABLE_TYPE,         TABLE_GUID      = s_tr.TABLE_GUID,         DESCRIPTION     = s_tr.DESCRIPTION,         TABLE_PROPID    = s_tr.TABLE_PROPID,         DATE_CREATED    = s_tr.DATE_CREATED,         DATE_MODIFIED   = s_tr.DATE_MODIFIED     from         sys.spt_tables_view s_tr     where         (@table_schema 
2026-05-03 18:57:41	Shoper9X01	58	SHOPER Retail Solutions - Point-Of-Sale (P.O.S)	sa	AITDL	Drop Table xtmpDeliveryDtlssuper000000160007
2026-05-03 18:57:41	Shoper9X01	58	SHOPER Retail Solutions - Point-Of-Sale (P.O.S)	sa	AITDL	Drop Table xtmpETHsuper000000020001
2026-05-03 18:57:42	SHOPER9X01	58	SHOPER Retail Solutions - Point-Of-Sale (P.O.S)	sa	AITDL	Drop Table xtmpSTADsuper000000010034
2026-05-03 18:58:06	Shoper9X01	55	Microsoft SQL Server Management Studio	sa	AITDL	(@_msparam_0 nvarchar(4000),@_msparam_1 nvarchar(4000))SELECT tbl.name AS [Name], SCHEMA_NAME(tbl.schema_id) AS [Schema], 'Server[@Name=' + quotename(CAST(         serverproperty(N'Servername')        AS sysname),'''') + ']' + '/Database[@Name=' + quotename(db_name(),'''') + ']' + '/Table[@Name=' + quotename(tbl.name,'''') + ' and @Schema=' + quotename(SCHEMA_NAME(tbl.schema_id),'''') + ']' AS [Urn], tbl.create_date AS [CreateDate], CAST(  case      when tbl.is_ms_shipped = 1 then 1     when (         select              major_id          from              sys.extended_properties          where              major_id = tbl.object_id and              minor_id = 0 and              class = 1 and              name = N'microsoft_database_tools_support')          is not null then 1     else 0 end                        AS bit) AS [IsSystemObject] FROM sys.tables AS tbl WHERE (CAST(  case      when tbl.is_ms_shipped = 1 then 1     when (         select              major
2026-05-03 18:59:52	SHOPER9X01	55	Microsoft SQL Server Management Studio	sa	AITDL	(@_msparam_0 nvarchar(4000),@_msparam_1 nvarchar(4000),@_msparam_2 nvarchar(4000))SELECT clmns.name AS [Name] FROM sys.tables AS tbl INNER JOIN sys.all_columns AS clmns ON clmns.object_id=tbl.object_id WHERE (CAST(clmns.is_sparse AS bit)=@_msparam_0)and((tbl.name=@_msparam_1 and SCHEMA_NAME(tbl.schema_id)=@_msparam_2)) ORDER BY clmns.column_id ASC
2026-05-03 18:59:52	Shoper9X01	55	Microsoft SQL Server Management Studio	sa	AITDL	(@_msparam_0 nvarchar(4000),@_msparam_1 nvarchar(4000),@_msparam_2 nvarchar(4000))SELECT clmns.name AS [Name] FROM sys.tables AS tbl INNER JOIN sys.all_columns AS clmns ON clmns.object_id=tbl.object_id WHERE (CAST(clmns.is_sparse AS bit)=@_msparam_0)and((tbl.name=@_msparam_1 and SCHEMA_NAME(tbl.schema_id)=@_msparam_2)) ORDER BY clmns.column_id ASC
2026-05-03 18:59:52	Shoper9X01	55	Microsoft SQL Server Management Studio	sa	AITDL	(@_msparam_0 nvarchar(4000),@_msparam_1 nvarchar(4000),@_msparam_2 nvarchar(4000))SELECT clmns.name AS [Name] FROM sys.tables AS tbl INNER JOIN sys.all_columns AS clmns ON clmns.object_id=tbl.object_id WHERE (CAST(clmns.is_sparse AS bit)=@_msparam_0)and((tbl.name=@_msparam_1 and SCHEMA_NAME(tbl.schema_id)=@_msparam_2)) ORDER BY clmns.column_id ASC
2026-05-03 18:59:56	SHOPER9X01	61	Microsoft SQL Server Management Studio - Transact-SQL IntelliSense	sa	AITDL	(@_msparam_0 nvarchar(4000))SELECT SCHEMA_NAME(v.schema_id) AS [Schema], v.name AS [Name], v.object_id AS [ID] FROM sys.all_views AS v WHERE (v.type = @_msparam_0) ORDER BY [Schema] ASC,[Name] ASC
2026-05-03 18:59:56	Shoper9X01	61	Microsoft SQL Server Management Studio - Transact-SQL IntelliSense	sa	AITDL	SELECT SCHEMA_NAME(obj.schema_id) AS [Schema], obj.name AS [Name], obj.object_id AS [ID], usrt.name AS [DataType], ISNULL(baset.name, N'') AS [SystemType], CAST(CASE WHEN baset.name IN (N'nchar', N'nvarchar') AND ret_param.max_length <> -1 THEN ret_param.max_length/2 ELSE ret_param.max_length END AS int) AS [Length], CAST(ret_param.precision AS int) AS [NumericPrecision], CAST(ret_param.scale AS int) AS [NumericScale], ISNULL(xscret_param.name, N'') AS [XmlSchemaNamespace], ISNULL(s2ret_param.name, N'') AS [XmlSchemaNamespaceSchema], ISNULL( (case ret_param.is_xml_document when 1 then 2 else 1 end), 0) AS [XmlDocumentConstraint], s1ret_param.name AS [DataTypeSchema] FROM sys.objects AS obj LEFT OUTER JOIN sys.all_parameters AS ret_param ON ret_param.object_id = obj.object_id and ret_param.is_output = 1 LEFT OUTER JOIN sys.types AS usrt ON usrt.user_type_id = ret_param.user_type_id LEFT OUTER JOIN sys.types AS baset ON (baset.user_type_id = ret_param.system_type_id and baset.user_type_i
2026-05-03 18:59:56	Shoper9X01	61	Microsoft SQL Server Management Studio - Transact-SQL IntelliSense	sa	AITDL	SELECT SCHEMA_NAME(obj.schema_id) AS [Schema], obj.name AS [Name], obj.object_id AS [ID], usrt.name AS [DataType], ISNULL(baset.name, N'') AS [SystemType], CAST(CASE WHEN baset.name IN (N'nchar', N'nvarchar') AND ret_param.max_length <> -1 THEN ret_param.max_length/2 ELSE ret_param.max_length END AS int) AS [Length], CAST(ret_param.precision AS int) AS [NumericPrecision], CAST(ret_param.scale AS int) AS [NumericScale], ISNULL(xscret_param.name, N'') AS [XmlSchemaNamespace], ISNULL(s2ret_param.name, N'') AS [XmlSchemaNamespaceSchema], ISNULL( (case ret_param.is_xml_document when 1 then 2 else 1 end), 0) AS [XmlDocumentConstraint], s1ret_param.name AS [DataTypeSchema] FROM sys.objects AS obj LEFT OUTER JOIN sys.all_parameters AS ret_param ON ret_param.object_id = obj.object_id and ret_param.is_output = 1 LEFT OUTER JOIN sys.types AS usrt ON usrt.user_type_id = ret_param.user_type_id LEFT OUTER JOIN sys.types AS baset ON (baset.user_type_id = ret_param.system_type_id and baset.user_type_i
2026-05-03 19:00:24	Shoper9X01	62		sa	AITDL	select * from SysParam
2026-05-03 19:03:31	Shoper9X01	67	Python	sa	PRATHAMONE	SELECT COUNT(*) FROM [SaleTrnHdr]
2026-05-03 19:06:19	SHOPER9X01	64	Python	sa	PRATHAMONE	SELECT COUNT(*) FROM [ItemMaster]
2026-05-03 19:07:20	SHOPER9X01	68	SHOPER Retail Solutions - Point-Of-Sale (P.O.S)	sa	AITDL	Select * from CustPriceGroups Where PriceGrpDesc = 'LOCAL'
2026-05-03 19:07:20	Shoper9X01	68	SHOPER Retail Solutions - Point-Of-Sale (P.O.S)	sa	AITDL	FETCH API_CURSOR0000000000000309 
2026-05-03 19:07:43	SHOPER9X01	75	SHOPER Retail Solutions - Point-Of-Sale (P.O.S)	sa	AITDL	Update Tmp Set Tmp.Curbalqty = SM.Curbalqty, curvalue = SM.Curbalqty * Tmp.CurrCost from StockMaster SM, TmpNormalDetRepsuper Tmp Where Tmp.StockNo = SM.StockNo
2026-05-03 19:07:43	Shoper9X01	75	SHOPER Retail Solutions - Point-Of-Sale (P.O.S)	sa	AITDL	Update Tmp Set Tmp.Curbalqty = SM.Curbalqty, curvalue = SM.Curbalqty * Tmp.CurrCost from StockMaster SM, TmpNormalDetRepsuper Tmp Where Tmp.StockNo = SM.StockNo
2026-05-03 19:07:43	Shoper9X01	75	SHOPER Retail Solutions - Point-Of-Sale (P.O.S)	sa	AITDL	Update Tmp Set Tmp.Curbalqty = SM.Curbalqty, curvalue = SM.Curbalqty * Tmp.CurrCost from StockMaster SM, TmpNormalDetRepsuper Tmp Where Tmp.StockNo = SM.StockNo
2026-05-03 19:07:43	Shoper9X01	75	SHOPER Retail Solutions - Point-Of-Sale (P.O.S)	sa	AITDL	Update Tmp Set Tmp.Curbalqty = SM.Curbalqty, curvalue = SM.Curbalqty * Tmp.CurrCost from StockMaster SM, TmpNormalDetRepsuper Tmp Where Tmp.StockNo = SM.StockNo
2026-05-03 19:07:43	Shoper9X01	75	SHOPER Retail Solutions - Point-Of-Sale (P.O.S)	sa	AITDL	Update Tmp Set subclass1cdDesc = SubClass1Desc from TmpNormalDetRepsuper Tmp,SubClass1Cat SUB1 Where SUB1.Class1Cd = TMP.Class1Cd and SUB1.Class2Cd = Tmp.Class2Cd and Sub1.SubClass1Cd = Tmp.SubClass1Cd
2026-05-03 19:07:44	SHOPER9X01	75	SHOPER Retail Solutions - Point-Of-Sale (P.O.S)	sa	AITDL	Update Tmp Set subclass1cdDesc = SubClass1Desc from TmpNormalDetRepsuper Tmp,SubClass1Cat SUB1 Where SUB1.Class1Cd = TMP.Class1Cd and SUB1.Class2Cd = Tmp.Class2Cd and Sub1.SubClass1Cd = Tmp.SubClass1Cd
2026-05-03 19:07:44	Shoper9X01	75	SHOPER Retail Solutions - Point-Of-Sale (P.O.S)	sa	AITDL	Update Tmp Set subclass1cdDesc = SubClass1Desc from TmpNormalDetRepsuper Tmp,SubClass1Cat SUB1 Where SUB1.Class1Cd = TMP.Class1Cd and SUB1.Class2Cd = Tmp.Class2Cd and Sub1.SubClass1Cd = Tmp.SubClass1Cd
2026-05-03 19:07:44	Shoper9X01	75	SHOPER Retail Solutions - Point-Of-Sale (P.O.S)	sa	AITDL	Update Tmp Set subclass1cdDesc = SubClass1Desc from TmpNormalDetRepsuper Tmp,SubClass1Cat SUB1 Where SUB1.Class1Cd = TMP.Class1Cd and SUB1.Class2Cd = Tmp.Class2Cd and Sub1.SubClass1Cd = Tmp.SubClass1Cd
2026-05-03 19:07:44	Shoper9X01	75	SHOPER Retail Solutions - Point-Of-Sale (P.O.S)	sa	AITDL	Update Tmp Set subclass1cdDesc = SubClass1Desc from TmpNormalDetRepsuper Tmp,SubClass1Cat SUB1 Where SUB1.Class1Cd = TMP.Class1Cd and SUB1.Class2Cd = Tmp.Class2Cd and Sub1.SubClass1Cd = Tmp.SubClass1Cd
2026-05-03 19:07:45	SHOPER9X01	75	SHOPER Retail Solutions - Point-Of-Sale (P.O.S)	sa	AITDL	Update Tmp Set subclass2cdDesc = SubClass2Desc from TmpNormalDetRepsuper Tmp,SubClass2Cat SUB2 Where SUB2.Class1Cd = TMP.Class1Cd and SUB2.Class2Cd = Tmp.Class2Cd and Sub2.SubClass2Cd = Tmp.SubClass2Cd
2026-05-03 19:07:45	Shoper9X01	75	SHOPER Retail Solutions - Point-Of-Sale (P.O.S)	sa	AITDL	Update Tmp Set subclass2cdDesc = SubClass2Desc from TmpNormalDetRepsuper Tmp,SubClass2Cat SUB2 Where SUB2.Class1Cd = TMP.Class1Cd and SUB2.Class2Cd = Tmp.Class2Cd and Sub2.SubClass2Cd = Tmp.SubClass2Cd
2026-05-03 19:07:45	Shoper9X01	75	SHOPER Retail Solutions - Point-Of-Sale (P.O.S)	sa	AITDL	Update Tmp Set subclass2cdDesc = SubClass2Desc from TmpNormalDetRepsuper Tmp,SubClass2Cat SUB2 Where SUB2.Class1Cd = TMP.Class1Cd and SUB2.Class2Cd = Tmp.Class2Cd and Sub2.SubClass2Cd = Tmp.SubClass2Cd
2026-05-03 19:07:46	Shoper9X01	75	SHOPER Retail Solutions - Point-Of-Sale (P.O.S)	sa	AITDL	Update Tmp Set subclass2cdDesc = SubClass2Desc from TmpNormalDetRepsuper Tmp,SubClass2Cat SUB2 Where SUB2.Class1Cd = TMP.Class1Cd and SUB2.Class2Cd = Tmp.Class2Cd and Sub2.SubClass2Cd = Tmp.SubClass2Cd
2026-05-03 19:07:46	Shoper9X01	75	SHOPER Retail Solutions - Point-Of-Sale (P.O.S)	sa	AITDL	Update Tmp Set subclass2cdDesc = SubClass2Desc from TmpNormalDetRepsuper Tmp,SubClass2Cat SUB2 Where SUB2.Class1Cd = TMP.Class1Cd and SUB2.Class2Cd = Tmp.Class2Cd and Sub2.SubClass2Cd = Tmp.SubClass2Cd
2026-05-03 19:07:48	Shoper9X01	75	SHOPER Retail Solutions - Point-Of-Sale (P.O.S)	sa	AITDL	Update TmpNormalDetRepsuper Set class1cdDesc = (SELECT DESCR FROM GENLOOKUP WHERE RECID=1 AND CODE=Class1Cd)
2026-05-03 19:07:48	SHOPER9X01	75	SHOPER Retail Solutions - Point-Of-Sale (P.O.S)	sa	AITDL	Update TmpNormalDetRepsuper Set class1cdDesc = (SELECT DESCR FROM GENLOOKUP WHERE RECID=1 AND CODE=Class1Cd)
2026-05-03 19:07:48	Shoper9X01	75	SHOPER Retail Solutions - Point-Of-Sale (P.O.S)	sa	AITDL	Update TmpNormalDetRepsuper Set class1cdDesc = (SELECT DESCR FROM GENLOOKUP WHERE RECID=1 AND CODE=Class1Cd)
2026-05-03 19:07:48	Shoper9X01	75	SHOPER Retail Solutions - Point-Of-Sale (P.O.S)	sa	AITDL	Update TmpNormalDetRepsuper Set class1cdDesc = (SELECT DESCR FROM GENLOOKUP WHERE RECID=1 AND CODE=Class1Cd)
2026-05-03 19:07:48	Shoper9X01	75	SHOPER Retail Solutions - Point-Of-Sale (P.O.S)	sa	AITDL	Update TmpNormalDetRepsuper Set class1cdDesc = (SELECT DESCR FROM GENLOOKUP WHERE RECID=1 AND CODE=Class1Cd)
2026-05-03 19:07:50	Shoper9X01	75	SHOPER Retail Solutions - Point-Of-Sale (P.O.S)	sa	AITDL	Update  TmpNormalDetRepsuper Set class2cdDesc = (SELECT DESCR FROM GENLOOKUP WHERE RECID=2 AND CODE=Class2Cd)
2026-05-03 19:07:50	SHOPER9X01	75	SHOPER Retail Solutions - Point-Of-Sale (P.O.S)	sa	AITDL	Update  TmpNormalDetRepsuper Set class2cdDesc = (SELECT DESCR FROM GENLOOKUP WHERE RECID=2 AND CODE=Class2Cd)
2026-05-03 19:07:50	Shoper9X01	75	SHOPER Retail Solutions - Point-Of-Sale (P.O.S)	sa	AITDL	Update  TmpNormalDetRepsuper Set class2cdDesc = (SELECT DESCR FROM GENLOOKUP WHERE RECID=2 AND CODE=Class2Cd)
2026-05-03 19:07:50	Shoper9X01	75	SHOPER Retail Solutions - Point-Of-Sale (P.O.S)	sa	AITDL	Update  TmpNormalDetRepsuper Set class2cdDesc = (SELECT DESCR FROM GENLOOKUP WHERE RECID=2 AND CODE=Class2Cd)
2026-05-03 19:07:51	Shoper9X01	75	SHOPER Retail Solutions - Point-Of-Sale (P.O.S)	sa	AITDL	Update  TmpNormalDetRepsuper Set class2cdDesc = (SELECT DESCR FROM GENLOOKUP WHERE RECID=2 AND CODE=Class2Cd)
2026-05-03 19:07:51	Shoper9X01	75	SHOPER Retail Solutions - Point-Of-Sale (P.O.S)	sa	AITDL	UPDATE TmpNormalDetRepsuper SET ITEMDESC=I.ITEMDESC FROM ItemMaster I,TmpNormalDetRepsuper T  WHERE T.STOCKNO=I.STOCKNO
2026-05-03 19:08:03	Shoper9X01	52	SHOPER Retail Solutions - Point-Of-Sale (P.O.S)	sa	AITDL	Update xtempTempItemdtlssuper001 set InvalidRow=2 from StockMaster as a  where isnull(RemoteLocationcd,'')='' and isnull(InvalidRow,0) =0  and xtempTempItemdtlssuper001.stockno=a.stockno
2026-05-03 19:08:07	Shoper9X01	52	SHOPER Retail Solutions - Point-Of-Sale (P.O.S)	sa	AITDL	Insert into TmpStockReserved2100super(SourceCompCode, DestCompCode, Trntype, TrnCtrlNo, Stockno, DocQty, ServicedQty, DeliveredQty, RejectedQty)Select SourceCompCode,DestCompCode,TrnType,TrnCtrlNo,StockNo,sum(DocQty),sum(isnull(ServicedQty,0)),sum(isnull(DeliveredQty,0)),sum(isnull(RejectedQty,0)) from DeliveryAdviceDtls  Where DestCompCode in (Select Txt From SysParam where ParamCode ='CompanyCode') and ServiceType1 = 1 and DocEntVoidInd = 0 and  StockNo in (select stockno from xtempTempItemdtlssuper001 where isnull(invalidrow,0)=0) Group by SourceCompCode,DestCompCode,TrnType,TrnCtrlNo,StockNo  Having Sum(DocQty) > (Sum(IsNull(DeliveredQty, 0) + IsNull(RejectedQty, 0)))
2026-05-03 19:08:11	Shoper9X01	61	SR130000	sa	AITDL	select * into tmptblpromovalidate2100super from xtmptblitemdetails2100super
2026-05-03 19:08:21	SHOPER9X01	52	SHOPER Retail Solutions - Point-Of-Sale (P.O.S)	sa	AITDL	update xtmptblappliedpromodtlsatscan2100super set PriorityNo=a.priorityNo ,CreatedSystemDate=a.CreatedSystemDate from xtmppromorelateddtls2100super as a where  a.SalesPromoCode= xtmptblappliedpromodtlsatscan2100super.SalesPromocode
2026-05-03 19:08:23	Shoper9X01	61	SR130000	sa	AITDL	select * into tmptblpromovalidate2100super from xtmptblitemdetails2100super
2026-05-03 19:08:24	Shoper9X01	52	SHOPER Retail Solutions - Point-Of-Sale (P.O.S)	sa	AITDL	if exists (select * from dbo.sysobjects where id = object_id(N'[dbo].[xtmpSTHsuper000000010001]') and OBJECTPROPERTY(id, N'IsUserTable') = 1)drop table [dbo].[xtmpSTHsuper000000010001]select * Into xtmpSTHsuper000000010001 from StktrnHdr where 1=2
2026-05-03 19:08:24	SHOPER9X01	52	SHOPER Retail Solutions - Point-Of-Sale (P.O.S)	sa	AITDL	if exists (select * from dbo.sysobjects where id = object_id(N'[dbo].[xtmpSTDsuper000000010001]') and OBJECTPROPERTY(id, N'IsUserTable') = 1)drop table [dbo].[xtmpSTDsuper000000010001]select * Into xtmpSTDsuper000000010001 from StktrnDtls where 1=2
2026-05-03 19:08:32	Shoper9X01	68	SHOPER Retail Solutions - Point-Of-Sale (P.O.S)	sa	AITDL	Update xtmpTaxSummaryDtls_super set Tax4PercOfSalesTax=0 where Tax4PercOfSalesTax is null
2026-05-03 19:08:34	Shoper9X01	52	SHOPER Retail Solutions - Point-Of-Sale (P.O.S)	sa	AITDL	Update ExpectedTrnDtls set Trnstatus=0 from (select distinct ETType,ETPfx,SlipNo from xtempGridItemdtlssuper001) as a  Where ExpectedTrnDtls.TrnStatus = 5 and ExpectedTrnDtls.trntype=a.ETType and ExpectedTrnDtls.Docnoprefix=a.ETPfx and ExpectedTrnDtls.docno=a.SlipNo
2026-05-03 19:12:43	SHOPER9X01	56	Python	sa	PRATHAMONE	SELECT COUNT(*) FROM [StkTrnHdr]
2026-05-03 19:18:22	Shoper9X01	56	Python	sa	PRATHAMONE	SELECT COUNT(*) FROM [SaleTrnHdr]
2026-05-03 19:19:06	SHOPER9X01	56	Python	sa	PRATHAMONE	SELECT COUNT(*) FROM [SaleTrnHdr]
2026-05-03 19:20:31	Shoper9X01	51	Python	sa	PRATHAMONE	SELECT COUNT(*) FROM [StkTrnHdr]
2026-05-03 19:20:36	Shoper9X01	64	Python	sa	PRATHAMONE	SELECT COUNT(*) FROM [POSCashTrn]
2026-05-03 19:20:38	Shoper9X01	67	Python	sa	PRATHAMONE	SELECT COUNT(*) FROM [SaleTrnHdr]
2026-05-03 19:20:39	Shoper9X01	67	Python	sa	PRATHAMONE	SELECT COUNT(*) FROM [ItemMaster]
2026-05-03 19:22:50	Shoper9X01	67	Python	sa	PRATHAMONE	SELECT COUNT(*) FROM [SaleTrnHdr]
2026-05-03 19:23:59	SHOPER9X01	54	Python	sa	PRATHAMONE	SELECT COUNT(*) FROM [POSCashTrn]
2026-05-03 19:24:00	SHOPER9X01	54	Python	sa	PRATHAMONE	(@P1 nvarchar(20))                             SELECT                                 OBJECT_NAME(i.object_id) AS tbl,                                 SUM(s.user_inserts)  AS ins,                                 SUM(s.user_updates)  AS upd,                                 SUM(s.user_deletes)  AS del                             FROM   sys.dm_db_index_usage_stats s                             JOIN   sys.indexes i                                 ON i.object_id = s.object_id                                AND i.index_id  = s.index_id                             WHERE  s.database_id = DB_ID(@P1)                               AND  OBJECT_NAME(i.object_id) IN ('StkTrnHdr','StkTrnDtl','POSCashTrn','POSCashTrnDtl','SaleTrnHdr','SaleTrnDtl','ItemMaster','ItemCategory','AccTrnHdr','AccTrnDtl','CashTrn','StockLdgr','VchDtls','BrkgDtls','PartyMaster','SalesMan','StkAdjHdr','StkAdjDtl','PurOrdHdr','PurOrdDtl','GrnHdr','GrnDtl','TaxTrnDtl','ExpectedTrnHdr','PromoMnHeader','SysParam')                 
2026-05-03 19:24:53	SHOPER9X01	52	SHOPER Retail Solutions - Point-Of-Sale (P.O.S)	sa	AITDL	Update xtempTempItemdtlssuper001 Set ErrDescription = isnull(ErrDescription,'')+'Item out of stock cannot bill this item' , InvalidRow = finalresult.InvSku from ( Select 1 as InvSku, a.StockNo,Result.totresqty from StockMaster as a ,(select b.stockno,sum(isnull(b.qty,0)+isnull(c.gridQty,0)+isnull(d.etqty,0)+isnull(resQty,0)) as totresqty from (Select StockNo, sum(Qty) as Qty From xtempTempItemdtlssuper001 group by  Stockno) as b left outer join  (select StockNo,  isnull(sum(qty),0) as gridQty from xtempGridItemdtlssuper001 group by StockNo) as c  on c.stockno=b.stockno left outer join (select StockNo,isnull(sum(qty),0) as etQty from ExpectedTrnDtls  where TrnStatus = 0 and TrnType In (9800,8100,8200) group by StockNo) as d  on b.stockno=d.stockno left outer join (Select Stockno, isnull(sum(ReservedQty),0) as resQty from TmpStockReserved2100super group by StockNo) as e  on b.stockno=e.stockno group by b.stockno) as Result  where  a.stockno=result.stockno and Result.totresqty > a.curbal
2026-05-03 19:26:10	Shoper9X01	62	SHOPER Retail Solutions - Point-Of-Sale (P.O.S)	sa	AITDL	Update TempPriceRevisionsuper Set RetailPriceEffectiveDate = '2025-08-14', IsRPRateOrAmount = 2 , RetailPriceRevisionFlag = 1
2026-05-03 19:26:16	Shoper9X01	62	SHOPER Retail Solutions - Point-Of-Sale (P.O.S)	sa	AITDL	Update TmpPriceRevUpdationsuper Set LastApplDocno = a.Docno From  (SELECT MAX(DOCNO) AS DOCNO, SOURCECOMPCODE,DESTCOMPCODE,Stockno FROM PriceRevisionHistory GROUP BY SOURCECOMPCODE,DESTCOMPCODE,Stockno) AS A ,TmpPriceRevUpdationsuper AS B WHERE A.SOURCECOMPCODE= B.SOURCECOMPCODE AND A.DESTCOMPCODE = B.DESTCOMPCODE AND A.STOCKNO = B.STOCKNO
2026-05-03 19:26:46	SHOPER9X01	52	SHOPER Retail Solutions - Point-Of-Sale (P.O.S)	sa	AITDL	Insert into TmpStockReserved2100super(SourceCompCode, DestCompCode, Trntype, TrnCtrlNo, Stockno, DocQty, ServicedQty, DeliveredQty, RejectedQty)Select SourceCompCode,DestCompCode,TrnType,TrnCtrlNo,StockNo,sum(DocQty),sum(isnull(ServicedQty,0)),sum(isnull(DeliveredQty,0)),sum(isnull(RejectedQty,0)) from DeliveryAdviceDtls  Where DestCompCode in (Select Txt From SysParam where ParamCode ='CompanyCode') and ServiceType1 = 1 and DocEntVoidInd = 0 and  StockNo in (select stockno from xtempTempItemdtlssuper001 where isnull(invalidrow,0)=0) Group by SourceCompCode,DestCompCode,TrnType,TrnCtrlNo,StockNo  Having Sum(DocQty) > (Sum(IsNull(DeliveredQty, 0) + IsNull(RejectedQty, 0)))
2026-05-03 19:26:53	Shoper9X01	52	SHOPER Retail Solutions - Point-Of-Sale (P.O.S)	sa	AITDL	FETCH API_CURSOR0000000000000002 
2026-05-03 19:26:58	Shoper9X01	52	SHOPER Retail Solutions - Point-Of-Sale (P.O.S)	sa	AITDL	Create Table TmpStockReserved2100super (SourceCompCode Varchar(16),DestCompCode Varchar(16),TrnType Int, TrnCtrlNo Int,StockNo Varchar(32),ItemTag1 Varchar(128),DocQty Money default 0,ServicedQty Money default 0,PhyQtyOut Money default 0,DeliveredQty Money default 0,RejectedQty Money default 0,RescheduleQty Money default 0,ReservedQty Money default 0)
2026-05-03 19:27:02	Shoper9X01	82	SR130000	sa	AITDL	if exists (select * from sysobjects where id = object_id(N'[dbo].[xtmptblpromoapplied2100super]') and OBJECTPROPERTY(id, N'IsUserTable') = 1) drop table [dbo].[xtmptblpromoapplied2100super]
2026-05-03 19:27:03	Shoper9X01	82	SR130000	sa	AITDL	set Datefirst 7 Insert into xtmpBillLvloffer2100super select sph.*, SPBd.SrlNo,SPBd.BillValueAbove,SPBd.BillValueUpto,  SPBd.BillQtyAbove,SPBd.BillQtyUpto,SPBd.BillDiscPercent,SPBd.BillDiscAmount,SPBd.BillMaxDiscPercent,  SPBd.BillMaxDiscAmount , SPBd.DiscValueTreatment  from PromoMnHeader as  SPH inner join PromoMnBillLvlDiscDtls as SPBd on SPH.SalesPromoCode=spbd.SalesPromoCode   where SPH.SalesPromoCode in ( select SPmH.SalesPromoCode  FROM   PromoMnHeader as SPmH INNER JOIN  PromoMnApplCustDtls ON   SPmH.SalesPromoCode=PromoMnApplCustDtls.SalesPromoCode WHERE   (SPmH.ApplicableCustomers=1 or   (SPmH.ApplicableCustomers=3 and PromoMnApplCustDtls.custcode='55') or  (SPmH.ApplicableCustomers=2 and CustPriceGroup='LOCAL') or  (SPmH.ApplicableCustomers=4 and CustClass1Code='NA' AND CustClass2Code='NA' AND CustClass3Code='NA' AND CustClass4Code='NA' AND CustClass5Code='NA') or  CUSTLOYALTYID='NA') and   SPmH.[Status] In (1,9) and SPmH.BillLvlOffertype=1 and SPmH.DefinitionType in (1,2) A
2026-05-03 19:27:03	Shoper9X01	52	SHOPER Retail Solutions - Point-Of-Sale (P.O.S)	sa	AITDL	Insert into xtempapplyingsalespromodetailssuper(LineSrlno,SalesPromocode,StockNo,ItemRate,Qty,discperc,discamount,offeritem,Appliedstatus ) select LineSrlno,SalesPromocode,StockNo,ItemRate,Qty,discperc,discamount,offeritem,Appliedstatus from xtmptblAppliedbilllvlofferItemDtls2100super
2026-05-03 19:27:03	Shoper9X01	52	SHOPER Retail Solutions - Point-Of-Sale (P.O.S)	sa	AITDL	Update TSA SET TSA.SMCurBalQty=SM.CurBalQty, TSA.SMCurBalVal = SM.CurBalVal From TRNStockAudit TSA Inner Join StockMaster SM ON SM.StockNo = TSA.StockNo Where TSA.TrnType=2100 AND TSA.TrnCtrlNo=112066
2026-05-03 19:27:06	Shoper9X01	67	Python	sa	PRATHAMONE	SELECT COUNT(*) FROM [POSCashTrn]
2026-05-03 19:27:07	Shoper9X01	85	SHOPER Retail Solutions - Point-Of-Sale (P.O.S)	sa	AITDL	select * from Sysparam where paramcode ='ItemAnaCd2Present'
2026-05-03 19:27:07	SHOPER9X01	85	SHOPER Retail Solutions - Point-Of-Sale (P.O.S)	sa	AITDL	Select DocEntDisc from StkTrnDtls Where DocNoPrefix = 'SS25' and DocNo = 2118
2026-05-03 19:27:10	Shoper9X01	51	Python	sa	PRATHAMONE	SELECT COUNT(*) FROM [POSCashTrn]
2026-05-03 19:27:11	Shoper9X01	51	Python	sa	PRATHAMONE	SELECT COUNT(*) FROM [ItemMaster]
2026-05-03 19:27:21	Shoper9X01	51	Python	sa	PRATHAMONE	SELECT COUNT(*) FROM [StkTrnHdr]
2026-05-03 19:29:16	Shoper9X01	52	SHOPER Retail Solutions - Point-Of-Sale (P.O.S)	sa	AITDL	Update xtempTempItemdtlssuper001 Set ErrDescription = isnull(ErrDescription,'')+'Item out of stock cannot bill this item' , InvalidRow = finalresult.InvSku from ( Select 1 as InvSku, a.StockNo,Result.totresqty from StockMaster as a ,(select b.stockno,sum(isnull(b.qty,0)+isnull(c.gridQty,0)+isnull(d.etqty,0)+isnull(resQty,0)) as totresqty from (Select StockNo, sum(Qty) as Qty From xtempTempItemdtlssuper001 group by  Stockno) as b left outer join  (select StockNo,  isnull(sum(qty),0) as gridQty from xtempGridItemdtlssuper001 group by StockNo) as c  on c.stockno=b.stockno left outer join (select StockNo,isnull(sum(qty),0) as etQty from ExpectedTrnDtls  where TrnStatus = 0 and TrnType In (9800,8100,8200) group by StockNo) as d  on b.stockno=d.stockno left outer join (Select Stockno, isnull(sum(ReservedQty),0) as resQty from TmpStockReserved2100super group by StockNo) as e  on b.stockno=e.stockno group by b.stockno) as Result  where  a.stockno=result.stockno and Result.totresqty > a.curbal
2026-05-03 19:29:17	Shoper9X01	82	SR130000	sa	AITDL	if exists (select * from sysobjects where id = object_id(N'[dbo].[xtmptblpromoapplied2100super]') and OBJECTPROPERTY(id, N'IsUserTable') = 1) drop table [dbo].[xtmptblpromoapplied2100super]
2026-05-03 19:29:41	Shoper9X01	52	SHOPER Retail Solutions - Point-Of-Sale (P.O.S)	sa	AITDL	Update xtempTempItemdtlssuper001 Set ErrDescription = isnull(ErrDescription,'')+'Item out of stock cannot bill this item' , InvalidRow = finalresult.InvSku from ( Select 1 as InvSku, a.StockNo,Result.totresqty from StockMaster as a ,(select b.stockno,sum(isnull(b.qty,0)+isnull(c.gridQty,0)+isnull(d.etqty,0)+isnull(resQty,0)) as totresqty from (Select StockNo, sum(Qty) as Qty From xtempTempItemdtlssuper001 group by  Stockno) as b left outer join  (select StockNo,  isnull(sum(qty),0) as gridQty from xtempGridItemdtlssuper001 group by StockNo) as c  on c.stockno=b.stockno left outer join (select StockNo,isnull(sum(qty),0) as etQty from ExpectedTrnDtls  where TrnStatus = 0 and TrnType In (9800,8100,8200) group by StockNo) as d  on b.stockno=d.stockno left outer join (Select Stockno, isnull(sum(ReservedQty),0) as resQty from TmpStockReserved2100super group by StockNo) as e  on b.stockno=e.stockno group by b.stockno) as Result  where  a.stockno=result.stockno and Result.totresqty > a.curbal
2026-05-03 19:29:42	Shoper9X01	82	SR130000	sa	AITDL	if exists (select * from sysobjects where id = object_id(N'[dbo].[tmptblpromoapplicability2100super]') and OBJECTPROPERTY(id, N'IsUserTable') = 1) drop table [dbo].[tmptblpromoapplicability2100super]
2026-05-03 19:29:42	SHOPER9X01	82	SR130000	sa	AITDL	if exists (select * from sysobjects where id = object_id(N'[dbo].[tmptblpromoapplicability2100super]') and OBJECTPROPERTY(id, N'IsUserTable') = 1) drop table [dbo].[tmptblpromoapplicability2100super]
2026-05-03 19:29:46	Shoper9X01	82	SR130000	sa	AITDL	Update xtmpitemwithpromodtls2100super set SelectedPromoFlag=1 where SalesPromocode='DISC'
2026-05-03 19:29:46	SHOPER9X01	82	SR130000	sa	AITDL	Set Datefirst 7 select sph.*, SPBd.SrlNo,SPBd.BillValueAbove,SPBd.BillValueUpto, SPBd.BillQtyAbove,SPBd.BillQtyUpto,SPBd.BillDiscPercent,SPBd.BillDiscAmount,SPBd.BillMaxDiscPercent,  SPBd.BillMaxDiscAmount , SPBd.DiscValueTreatment  into xtmpBillLvloffer2100super  from PromoMnHeader as SPH inner join PromoMnBillLvlDiscDtls as SPBd  on SPH.SalesPromoCode=spbd.SalesPromoCode where  (ApplicableHappyHours=0 or (ApplicableHappyHours=1 and convert(Varchar(10),getdate(),108) between HappyHoursStartTime and HappyHoursEndTime)) and  (ApplicableCustomers=1 and Status in (1,9) and BillLvlOffertype=0 and DefinitionType in (1,2) And DefinitionLevel=2 and '2025-08-14' between StartDate and Enddate and Substring(weekdays,DatePart(dw,'2025-08-14'),1)=1) and ((((11178 between billvalueabove + 1 and billvalueupto or billvalueabove=0 and billvalueupto=0) and BillQtyAbove=0 and billqtyupto=0)) or  (((2 Between BillQtyAbove + 1 and billqtyupto or BillQtyAbove=0 and billqtyupto=0) and billvalueabove=0 and b
2026-05-03 19:29:46	Shoper9X01	52	SHOPER Retail Solutions - Point-Of-Sale (P.O.S)	sa	AITDL	SELECT Fld4 FROM PrefixTrnLog WHERE Fld1='<CTRLPX>' AND Fld2 ='2100'
2026-05-03 19:29:46	Shoper9X01	52	SHOPER Retail Solutions - Point-Of-Sale (P.O.S)	sa	AITDL	SELECT Fld4 FROM PrefixTrnLog WHERE Fld1='<CTRLPX>' AND Fld2 ='2100'
2026-05-03 19:29:47	Shoper9X01	52	SHOPER Retail Solutions - Point-Of-Sale (P.O.S)	sa	AITDL	SELECT Fld4 FROM PrefixTrnLog WHERE Fld1='<CTRLPX>' AND Fld2 ='11'
2026-05-03 19:29:54	SHOPER9X01	80	SHOPER Retail Solutions - Point-Of-Sale (P.O.S)	sa	AITDL	Update xtmpTaxSummaryDtls_super set Tax4PercOfSalesTax=0 where Tax4PercOfSalesTax is null
2026-05-03 19:29:55	Shoper9X01	52	SHOPER Retail Solutions - Point-Of-Sale (P.O.S)	sa	AITDL	select * From AcceptDisplayDtls where trntype=2100
2026-05-03 19:30:14	SHOPER9X01	54	Python	sa	PRATHAMONE	SELECT COUNT(*) FROM [SysParam]
2026-05-03 19:30:21	Shoper9X01	51	Python	sa	PRATHAMONE	SELECT COUNT(*) FROM [StkTrnHdr]
2026-05-03 19:43:29	Shoper9X01	51	Python	sa	PRATHAMONE	(@P1 nvarchar(20))                             SELECT                                 OBJECT_NAME(i.object_id) AS tbl,                                 SUM(s.user_inserts)  AS ins,                                 SUM(s.user_updates)  AS upd,                                 SUM(s.user_deletes)  AS del                             FROM   sys.dm_db_index_usage_stats s                             JOIN   sys.indexes i                                 ON i.object_id = s.object_id                                AND i.index_id  = s.index_id                             WHERE  s.database_id = DB_ID(@P1)                               AND  OBJECT_NAME(i.object_id) IN ('StkTrnHdr','StkTrnDtl','POSCashTrn','POSCashTrnDtl','SaleTrnHdr','SaleTrnDtl','ItemMaster','ItemCategory','AccTrnHdr','AccTrnDtl','CashTrn','StockLdgr','VchDtls','BrkgDtls','PartyMaster','SalesMan','StkAdjHdr','StkAdjDtl','PurOrdHdr','PurOrdDtl','GrnHdr','GrnDtl')                             GROUP BY OBJECT_NAME(i.object_id)
